{"cameraMode":{"drawMode":0,"name":"Shaded","section":"Shading Mode"},"sceneLighting":true,"audioPlay":false,"sceneViewState":{"showFog":true,"showMaterialUpdate":false,"showSkybox":true,"showFlares":true,"showImageEffects":true,"showParticleSystems":true},"in2DMode":false,"pivot":{"x":0.5182633399963379,"y":0.576385498046875,"z":-3.8171310424804689},"rotation":{"x":-0.03447858616709709,"y":0.9262696504592896,"z":-0.3649357259273529,"w":-0.08751265704631806},"size":22.123598098754884,"orthographic":false}